<?xml version="1.0" encoding="utf-8" ?>
<install type="plugin" version="1.5" group="system">
	<name>System - jQuery Easy</name>
	<author>Olivier Buisard</author>
	<creationDate>2012-03-11</creationDate>
	<copyright>Copyright (C) 2011 Simplify Your Web. All rights reserved.</copyright>
	<license>GNU General Public License version 3 or later</license>
	<authorEmail>olivier.buisard@simplifyyourweb.com</authorEmail>
	<authorUrl>www.simplifyyourweb.com</authorUrl>
	<version>1.5.0</version>
	<description>PLG_SYSTEM_JQUERYEASY_XML_DESCRIPTION</description>
	<files>
		<filename plugin="jqueryeasy">jqueryeasy.php</filename>
		<filename>jqueryeasy/jquerynoconflict.js</filename>
		<filename>jqueryeasy/license.txt</filename>
		<filename>jqueryeasy/index.html</filename>
		<filename>jqueryeasy/elements/index.html</filename>
		<filename>jqueryeasy/elements/message.php</filename>
	</files>
	<languages>
	   <language tag="en-GB">language/en-GB/en-GB.plg_system_jqueryeasy.ini</language>
	   <language tag="fr-FR">language/fr-FR/fr-FR.plg_system_jqueryeasy.ini</language>
	</languages>
	<params addPath="/plugins/system/jqueryeasy/elements">
		<param type="spacer" default="Frontend (site)" />
		<param type="spacer" />		
	
		<param name="jqueryinfrontend" type="radio" default="0" 
           	label="PLG_SYSTEM_JQUERYEASY_FIELD_JQUERYINFRONTEND_LABEL" 
           	description="PLG_SYSTEM_JQUERYEASY_FIELD_JQUERYINFRONTEND_DESC">
			<option value="0">PLG_SYSTEM_JQUERYEASY_VALUE_NONE</option>
			<option value="1">PLG_SYSTEM_JQUERYEASY_VALUE_JQUERY</option>
			<option value="2">PLG_SYSTEM_JQUERYEASY_VALUE_JQUERYUI</option>
		</param>
		
		<param name="jqueryversionfrontend" type="list" default="1.8" 
           	label="PLG_SYSTEM_JQUERYEASY_FIELD_JQUERYVERSION_LABEL" 
           	description="PLG_SYSTEM_JQUERYEASY_FIELD_JQUERYVERSION_DESC">
           	<option value="1.9">PLG_SYSTEM_JQUERYEASY_VALUE_LATEST19</option>
           	<option value="1.8">PLG_SYSTEM_JQUERYEASY_VALUE_LATEST18</option>
			<option value="1.7">PLG_SYSTEM_JQUERYEASY_VALUE_LATEST17</option>
			<option value="1.6">PLG_SYSTEM_JQUERYEASY_VALUE_LATEST16</option>
			<option value="1.5">PLG_SYSTEM_JQUERYEASY_VALUE_LATEST15</option>
			<option value="1.4">PLG_SYSTEM_JQUERYEASY_VALUE_LATEST14</option>
			<option value="1.3">PLG_SYSTEM_JQUERYEASY_VALUE_LATEST13</option>
			<option value="local">PLG_SYSTEM_JQUERYEASY_VALUE_LOCAL</option>
		</param>
		
		<param name="jquerysubversionfrontend" type="text" default="" size="2" 
			label="PLG_SYSTEM_JQUERYEASY_FIELD_JQUERYSUBVERSION_LABEL" 
			description="PLG_SYSTEM_JQUERYEASY_FIELD_JQUERYSUBVERSION_DESC" />
			
		<param name="localversionfrontend" type="text" default="" size="50" 
			label="PLG_SYSTEM_JQUERYEASY_FIELD_LOCALVERSION_LABEL" 
			description="PLG_SYSTEM_JQUERYEASY_FIELD_LOCALVERSION_DESC" />
					
		<param type="message" style="example" text="PLG_SYSTEM_JQUERYEASY_EXAMPLE_JQUERYPATH" />
			
		<param name="jqueryuiversionfrontend" type="list" default="1.9" 
           	label="PLG_SYSTEM_JQUERYEASY_FIELD_JQUERYUIVERSION_LABEL" 
           	description="PLG_SYSTEM_JQUERYEASY_FIELD_JQUERYUIVERSION_DESC">
           	<option value="1.10">PLG_SYSTEM_JQUERYEASY_VALUE_LATESTUI110</option>
	        <option value="1.9">PLG_SYSTEM_JQUERYEASY_VALUE_LATESTUI19</option>
			<option value="1.8">PLG_SYSTEM_JQUERYEASY_VALUE_LATESTUI18</option>
			<option value="1.7">PLG_SYSTEM_JQUERYEASY_VALUE_LATESTUI17</option>
			<option value="local">PLG_SYSTEM_JQUERYEASY_VALUE_CUSTOM</option>
		</param>
		
		<param name="jqueryuisubversionfrontend" type="text" default="" size="2" 
			label="PLG_SYSTEM_JQUERYEASY_FIELD_JQUERYUISUBVERSION_LABEL" 
			description="PLG_SYSTEM_JQUERYEASY_FIELD_JQUERYUISUBVERSION_DESC" />
			
		<param name="localuiversionfrontend" type="text" default="" size="50" 
			label="PLG_SYSTEM_JQUERYEASY_FIELD_LOCALUIVERSION_LABEL" 
			description="PLG_SYSTEM_JQUERYEASY_FIELD_LOCALUIVERSION_DESC" />
					
		<param type="message" style="example" text="PLG_SYSTEM_JQUERYEASY_EXAMPLE_JQUERYUIPATH" />
			
		<param name="jqueryuithemefrontend" type="list" default="base" 
           	label="PLG_SYSTEM_JQUERYEASY_FIELD_JQUERYUITHEME_LABEL" 
           	description="PLG_SYSTEM_JQUERYEASY_FIELD_JQUERYUITHEME_DESC">
           	<option value="none">PLG_SYSTEM_JQUERYEASY_VALUE_NONE</option>
           	<option value="custom">PLG_SYSTEM_JQUERYEASY_VALUE_CUSTOM</option>
			<option value="base">Base</option>
			<option value="black-tie">Black Tie</option>
			<option value="blitzer">Blitzer</option>
			<option value="cupertino">Cupertino</option>
			<option value="dark-hive">Dark Hive</option>
			<option value="dot-luv">Dot Luv</option>
			<option value="eggplant">Eggplant</option>
			<option value="excite-bike">Excite Bike</option>
			<option value="flick">Flick</option>
			<option value="hot-sneaks">Hot Sneaks</option>
			<option value="humanity">Humanity</option>
			<option value="le-frog">Le Frog</option>
			<option value="mint-choc">Mint Choc</option>
			<option value="overcast">Overcast</option>
			<option value="pepper-grinder">Pepper Grinder</option>
			<option value="redmond">Redmond</option>
			<option value="smoothness">Smoothness</option>
			<option value="south-street">South Street</option>
			<option value="start">Start</option>
			<option value="sunny">Sunny</option>
			<option value="swanky-purse">Swanky Purse</option>
			<option value="trontastic">Trontastic</option>
			<option value="ui-darkness">UI Darkness</option>
			<option value="ui-lightness">UI Lightness</option>
			<option value="vader">Vader</option>
		</param>
		
        <param name="jqueryuithemecustomfrontend" type="text" default="" size="50" 
			label="PLG_SYSTEM_JQUERYEASY_FIELD_CUSTOMTHEME_LABEL" 
			description="PLG_SYSTEM_JQUERYEASY_FIELD_CUSTOMTHEME_DESC" />
					
		<param type="message" style="example" text="PLG_SYSTEM_JQUERYEASY_EXAMPLE_JQUERYUICSSPATH" />
			
		<param name="whichhttpfrontend" type="radio" default="https" 
           	label="PLG_SYSTEM_JQUERYEASY_FIELD_WHICHHTTP_LABEL" 
           	description="PLG_SYSTEM_JQUERYEASY_FIELD_WHICHHTTP_DESC">
			<option value="http">PLG_SYSTEM_JQUERYEASY_VALUE_HTTP</option>
			<option value="https">PLG_SYSTEM_JQUERYEASY_VALUE_HTTPS</option>
	        <option value="none">PLG_SYSTEM_JQUERYEASY_VALUE_NONE</option>
		</param>
		
		<param name="compressionfrontend" type="list" default="compressed" 
			label="PLG_SYSTEM_JQUERYEASY_FIELD_COMPRESSION_LABEL" 
			description="PLG_SYSTEM_JQUERYEASY_FIELD_COMPRESSION_DESC">
			<option value="uncompressed">PLG_SYSTEM_JQUERYEASY_VALUE_UNCOMPRESSED</option>
			<option value="compressed">PLG_SYSTEM_JQUERYEASY_VALUE_COMPRESSED</option>
		</param>
		
		<param type="spacer" />		
		<param type="spacer" default="Backend (administrator)" />
		<param type="spacer" />
		
		<param name="jqueryinbackend" type="radio" default="0" 
		 	label="PLG_SYSTEM_JQUERYEASY_FIELD_JQUERYINBACKEND_LABEL" 
		 	description="PLG_SYSTEM_JQUERYEASY_FIELD_JQUERYINBACKEND_DESC">
			<option value="0">PLG_SYSTEM_JQUERYEASY_VALUE_NONE</option>
			<option value="1">PLG_SYSTEM_JQUERYEASY_VALUE_JQUERY</option>
			<option value="2">PLG_SYSTEM_JQUERYEASY_VALUE_JQUERYUI</option>
		</param>
		
		<param name="jqueryversionbackend" type="list" default="1.8" 
           	label="PLG_SYSTEM_JQUERYEASY_FIELD_JQUERYVERSION_LABEL" 
           	description="PLG_SYSTEM_JQUERYEASY_FIELD_JQUERYVERSION_DESC">
           	<option value="1.9">PLG_SYSTEM_JQUERYEASY_VALUE_LATEST19</option>
           	<option value="1.8">PLG_SYSTEM_JQUERYEASY_VALUE_LATEST18</option>
			<option value="1.7">PLG_SYSTEM_JQUERYEASY_VALUE_LATEST17</option>
			<option value="1.6">PLG_SYSTEM_JQUERYEASY_VALUE_LATEST16</option>
			<option value="1.5">PLG_SYSTEM_JQUERYEASY_VALUE_LATEST15</option>
			<option value="1.4">PLG_SYSTEM_JQUERYEASY_VALUE_LATEST14</option>
			<option value="1.3">PLG_SYSTEM_JQUERYEASY_VALUE_LATEST13</option>
			<option value="local">PLG_SYSTEM_JQUERYEASY_VALUE_LOCAL</option>
		</param>
		
		<param name="jquerysubversionbackend" type="text" default="" size="2" 
			label="PLG_SYSTEM_JQUERYEASY_FIELD_JQUERYSUBVERSION_LABEL" 
			description="PLG_SYSTEM_JQUERYEASY_FIELD_JQUERYSUBVERSION_DESC" />
			
		<param name="localversionbackend" type="text" default="" size="50" 
			label="PLG_SYSTEM_JQUERYEASY_FIELD_LOCALVERSION_LABEL" 
			description="PLG_SYSTEM_JQUERYEASY_FIELD_LOCALVERSION_DESC" />
			
		<param name="jqueryuiversionbackend" type="list" default="1.9" 
           	label="PLG_SYSTEM_JQUERYEASY_FIELD_JQUERYUIVERSION_LABEL" 
           	description="PLG_SYSTEM_JQUERYEASY_FIELD_JQUERYUIVERSION_DESC">
           	<option value="1.10">PLG_SYSTEM_JQUERYEASY_VALUE_LATESTUI110</option>
	        <option value="1.9">PLG_SYSTEM_JQUERYEASY_VALUE_LATESTUI19</option>
			<option value="1.8">PLG_SYSTEM_JQUERYEASY_VALUE_LATESTUI18</option>
			<option value="1.7">PLG_SYSTEM_JQUERYEASY_VALUE_LATESTUI17</option>
			<option value="local">PLG_SYSTEM_JQUERYEASY_VALUE_CUSTOM</option>
		</param>
		
		<param name="jqueryuisubversionbackend" type="text" default="" size="2" 
			label="PLG_SYSTEM_JQUERYEASY_FIELD_JQUERYUISUBVERSION_LABEL" 
			description="PLG_SYSTEM_JQUERYEASY_FIELD_JQUERYUISUBVERSION_DESC" />
			
		<param name="localuiversionbackend" type="text" default="" size="50" 
			label="PLG_SYSTEM_JQUERYEASY_FIELD_LOCALUIVERSION_LABEL" 
			description="PLG_SYSTEM_JQUERYEASY_FIELD_LOCALUIVERSION_DESC" />   
			         
		<param name="jqueryuithemebackend" type="list" default="base" 
           	label="PLG_SYSTEM_JQUERYEASY_FIELD_JQUERYUITHEME_LABEL" 
           	description="PLG_SYSTEM_JQUERYEASY_FIELD_JQUERYUITHEME_DESC">
			<option value="none">PLG_SYSTEM_JQUERYEASY_VALUE_NONE</option>
			<option value="custom">PLG_SYSTEM_JQUERYEASY_VALUE_CUSTOM</option>
			<option value="base">Base</option>
			<option value="black-tie">Black Tie</option>
			<option value="blitzer">Blitzer</option>
			<option value="cupertino">Cupertino</option>
			<option value="dark-hive">Dark Hive</option>
			<option value="dot-luv">Dot Luv</option>
			<option value="eggplant">Eggplant</option>
			<option value="excite-bike">Excite Bike</option>
			<option value="flick">Flick</option>
			<option value="hot-sneaks">Hot Sneaks</option>
			<option value="humanity">Humanity</option>
			<option value="le-frog">Le Frog</option>
			<option value="mint-choc">Mint Choc</option>
			<option value="overcast">Overcast</option>
			<option value="pepper-grinder">Pepper Grinder</option>
			<option value="redmond">Redmond</option>
			<option value="smoothness">Smoothness</option>
			<option value="south-street">South Street</option>
			<option value="start">Start</option>
			<option value="sunny">Sunny</option>
			<option value="swanky-purse">Swanky Purse</option>
			<option value="trontastic">Trontastic</option>
			<option value="ui-darkness">UI Darkness</option>
			<option value="ui-lightness">UI Lightness</option>
			<option value="vader">Vader</option>
		</param>
		
		<param name="jqueryuithemecustombackend" type="text" default="" size="50" 
			label="PLG_SYSTEM_JQUERYEASY_FIELD_CUSTOMTHEME_LABEL" 
			description="PLG_SYSTEM_JQUERYEASY_FIELD_CUSTOMTHEME_DESC" />
			
		<param name="whichhttpbackend" type="radio" default="https" 
           	label="PLG_SYSTEM_JQUERYEASY_FIELD_WHICHHTTP_LABEL" 
           	description="PLG_SYSTEM_JQUERYEASY_FIELD_WHICHHTTP_DESC">
			<option value="http">PLG_SYSTEM_JQUERYEASY_VALUE_HTTP</option>
			<option value="https">PLG_SYSTEM_JQUERYEASY_VALUE_HTTPS</option>
	        <option value="none">PLG_SYSTEM_JQUERYEASY_VALUE_NONE</option>
		</param>
		
		<param name="compressionbackend" type="list" default="compressed" 
			label="PLG_SYSTEM_JQUERYEASY_FIELD_COMPRESSION_LABEL" 
			description="PLG_SYSTEM_JQUERYEASY_FIELD_COMPRESSION_DESC">
			<option value="uncompressed">PLG_SYSTEM_JQUERYEASY_VALUE_UNCOMPRESSED</option>
			<option value="compressed">PLG_SYSTEM_JQUERYEASY_VALUE_COMPRESSED</option>
		</param>
	</params>
	
	<params group="advanced">
		
		<param type="message" style="warning" text="PLG_SYSTEM_JQUERYEASY_MESSAGE_BACKWARD_COMPATIBILITY" />
		
		<param name="back_compat_paths" type="radio" default="1" 
			label="PLG_SYSTEM_JQUERYEASY_FIELD_BACKCOMPATPATH_LABEL" 
			description="PLG_SYSTEM_JQUERYEASY_FIELD_BACKCOMPATPATH_DESC">
			<option value="0">PLG_SYSTEM_JQUERYEASY_VALUE_NO</option>
			<option value="1">PLG_SYSTEM_JQUERYEASY_VALUE_YES</option>
		</param>
	
		<param name="showreport" type="radio" default="0" 
			label="PLG_SYSTEM_JQUERYEASY_FIELD_SHOWREPORT_LABEL" 
			description="PLG_SYSTEM_JQUERYEASY_FIELD_SHOWREPORT_DESC">
			<option value="0">PLG_SYSTEM_JQUERYEASY_VALUE_NO</option>
			<option value="1">PLG_SYSTEM_JQUERYEASY_VALUE_YES</option>
		</param>
	
		<param type="spacer" default="Frontend (site)" />
		<param type="spacer" />
		
		<param type="spacer" default="Plugin" />
	            	
	    <param name="enableonlyinfrontend" type="textarea" cols="40" rows="2" default=""
			label="PLG_SYSTEM_JQUERYEASY_FIELD_ENABLEONLYIN_LABEL" 
			description="PLG_SYSTEM_JQUERYEASY_FIELD_ENABLEONLYIN_DESC" />	
			
		<param type="message" style="example" text="PLG_SYSTEM_JQUERYEASY_EXAMPLE_ENABLEIN" />
	            
		<param name="disableinfrontend" type="textarea" cols="40" rows="2" default=""
			label="PLG_SYSTEM_JQUERYEASY_FIELD_DISABLEIN_LABEL" 
			description="PLG_SYSTEM_JQUERYEASY_FIELD_DISABLEIN_DESC" />	
		
		<param type="message" style="example" text="PLG_SYSTEM_JQUERYEASY_EXAMPLE_DISABLEIN" />
		
		<param type="spacer" default="jQuery" />			
	                
		<param name="ignorescriptsfrontend" type="textarea" cols="40" rows="2" default="" filter="raw"
			label="PLG_SYSTEM_JQUERYEASY_FIELD_IGNORESCRIPTS_LABEL" 
			description="PLG_SYSTEM_JQUERYEASY_FIELD_IGNORESCRIPTS_DESC" /> 
		
		<param type="message" style="example" text="PLG_SYSTEM_JQUERYEASY_EXAMPLE_IGNORESCRIPT" />
		
		<param name="stripremainingscriptsfrontend" type="textarea" cols="40" rows="2" default=""
			label="PLG_SYSTEM_JQUERYEASY_FIELD_CLEANREMAININGSCRIPTS_LABEL" 
			description="PLG_SYSTEM_JQUERYEASY_FIELD_CLEANREMAININGSCRIPTS_DESC" /> 
		
		<param type="message" style="example" text="PLG_SYSTEM_JQUERYEASY_EXAMPLE_STRIPREMAININGJS" />
	            	
		<param name="stripremainingcssfrontend" type="textarea" cols="40" rows="2" default=""
			label="PLG_SYSTEM_JQUERYEASY_FIELD_CLEANREMAININGCSS_LABEL" 
			description="PLG_SYSTEM_JQUERYEASY_FIELD_CLEANREMAININGCSS_DESC" />	 
	
		<param type="message" style="example" text="PLG_SYSTEM_JQUERYEASY_EXAMPLE_STRIPREMAININGCSS" />
	                    
		<param name="removenoconflictfrontend" type="radio" default="1" 
			label="PLG_SYSTEM_JQUERYEASY_FIELD_REMOVENOCONFLICT_LABEL" 
			description="PLG_SYSTEM_JQUERYEASY_FIELD_REMOVENOCONFLICT_DESC">
    		<option value="0">PLG_SYSTEM_JQUERYEASY_VALUE_NO</option>
    		<option value="1">PLG_SYSTEM_JQUERYEASY_VALUE_YES</option>
		</param>
		
		<param name="addnoconflictfrontend" type="radio" default="2" 
			label="PLG_SYSTEM_JQUERYEASY_FIELD_ADDNOCONFLICT_LABEL" 
			description="PLG_SYSTEM_JQUERYEASY_FIELD_ADDNOCONFLICT_DESC">
			<option value="0">PLG_SYSTEM_JQUERYEASY_VALUE_NO</option>
			<option value="1">PLG_SYSTEM_JQUERYEASY_VALUE_SCRIPTDECLARATION</option>
			<option value="2">PLG_SYSTEM_JQUERYEASY_VALUE_SCRIPT</option>
		</param>
		
		<param name="replacedocumentreadyfrontend" type="radio" default="0" 
			label="PLG_SYSTEM_JQUERYEASY_FIELD_REPLACEDOCUMENTREADY_LABEL" 
			description="PLG_SYSTEM_JQUERYEASY_FIELD_REPLACEDOCUMENTREADY_DESC">
			<option value="0">PLG_SYSTEM_JQUERYEASY_VALUE_NO</option>
			<option value="1">PLG_SYSTEM_JQUERYEASY_VALUE_YES</option>
		</param>	
	            	
		<param type="spacer" default="MooTools" />	
	            
		<param name="disablemootools" type="radio" default="0" 
			label="PLG_SYSTEM_JQUERYEASY_FIELD_DISABLEMOOTOOLS_LABEL" 
			description="PLG_SYSTEM_JQUERYEASY_FIELD_DISABLEMOOTOOLS_DESC">
			<option value="0">PLG_SYSTEM_JQUERYEASY_VALUE_NO</option>
			<option value="1">PLG_SYSTEM_JQUERYEASY_VALUE_YES</option>
		</param>
	            
		<param name="keepmootoolsin" type="textarea" cols="40" rows="2" default=""
			label="PLG_SYSTEM_JQUERYEASY_FIELD_KEEPMOOTOOLSIN_LABEL" 
			description="PLG_SYSTEM_JQUERYEASY_FIELD_KEEPMOOTOOLSIN_DESC" />
		
		<param type="message" style="example" text="PLG_SYSTEM_JQUERYEASY_EXAMPLE_KEEPIN" />
	            
		<param type="spacer" default="Other" />
	            
		<param name="disablecaptions" type="radio" default="0" 
			label="PLG_SYSTEM_JQUERYEASY_FIELD_DISABLECAPTIONS_LABEL" 
			description="PLG_SYSTEM_JQUERYEASY_FIELD_DISABLECAPTIONS_DESC">
			<option value="0">PLG_SYSTEM_JQUERYEASY_VALUE_NO</option>
			<option value="1">PLG_SYSTEM_JQUERYEASY_VALUE_YES</option>
		</param>
	            
		<param name="removeblanklinesfrontend" type="radio" default="0" 
			label="PLG_SYSTEM_JQUERYEASY_FIELD_REMOVEBLANKLINES_LABEL" 
			description="PLG_SYSTEM_JQUERYEASY_FIELD_REMOVEBLANKLINES_DESC">
			<option value="0">PLG_SYSTEM_JQUERYEASY_VALUE_NO</option>
			<option value="1">PLG_SYSTEM_JQUERYEASY_VALUE_YES</option>
		</param>
		
		<param name="addjavascriptfrontend" type="textarea" cols="40" rows="2" default=""
			label="PLG_SYSTEM_JQUERYEASY_FIELD_ADDJAVASCRIPT_LABEL" 
			description="PLG_SYSTEM_JQUERYEASY_FIELD_ADDJAVASCRIPT_DESC" />
	
		<param type="message" style="example" text="PLG_SYSTEM_JQUERYEASY_EXAMPLE_ADDJS" />
	            
		<param name="addjavascriptdeclarationfrontend" type="textarea" cols="40" rows="2" default=""
			label="PLG_SYSTEM_JQUERYEASY_FIELD_ADDJAVASCRIPTDECLARATION_LABEL" 
			description="PLG_SYSTEM_JQUERYEASY_FIELD_ADDJAVASCRIPTDECLARATION_DESC" />
	
		<param type="message" style="example" text="PLG_SYSTEM_JQUERYEASY_EXAMPLE_ADDJSDECLARATION" />
	            
		<param name="addcssfrontend" type="textarea" cols="40" rows="2" default=""
			label="PLG_SYSTEM_JQUERYEASY_FIELD_ADDCSS_LABEL" 
			description="PLG_SYSTEM_JQUERYEASY_FIELD_ADDCSS_DESC" />	
			
	    <param type="message" style="example" text="PLG_SYSTEM_JQUERYEASY_EXAMPLE_ADDCSS" />	
	                
		<param name="addcssdeclarationfrontend" type="textarea" cols="40" rows="2" default=""
			label="PLG_SYSTEM_JQUERYEASY_FIELD_ADDCSSDECLARATION_LABEL" 
			description="PLG_SYSTEM_JQUERYEASY_FIELD_ADDCSSDECLARATION_DESC" />
		
		<param type="message" style="example" text="PLG_SYSTEM_JQUERYEASY_EXAMPLE_ADDCSSDECLARATION" />
		
		<param type="spacer" />
		<param type="spacer" default="Backend (administrator)" />
		<param type="spacer" />
		
		<param type="spacer" default="Plugin" />
	            	
	    <param name="enableonlyinbackend" type="textarea" cols="40" rows="2" default=""
			label="PLG_SYSTEM_JQUERYEASY_FIELD_ENABLEONLYIN_LABEL" 
			description="PLG_SYSTEM_JQUERYEASY_FIELD_ENABLEONLYIN_DESC" />	
	            
		<param name="disableinbackend" type="textarea" cols="40" rows="2" default=""
			label="PLG_SYSTEM_JQUERYEASY_FIELD_DISABLEIN_LABEL" 
			description="PLG_SYSTEM_JQUERYEASY_FIELD_DISABLEIN_DESC" />	
		
		<param type="spacer" default="jQuery" />
	                
		<param name="ignorescriptsbackend" type="textarea" cols="40" rows="2" default="" filter="raw"
			label="PLG_SYSTEM_JQUERYEASY_FIELD_IGNORESCRIPTS_LABEL" 
			description="PLG_SYSTEM_JQUERYEASY_FIELD_IGNORESCRIPTS_DESC" /> 
		
		<param name="stripremainingscriptsbackend" type="textarea" cols="40" rows="2" default=""
			label="PLG_SYSTEM_JQUERYEASY_FIELD_CLEANREMAININGSCRIPTS_LABEL" 
			description="PLG_SYSTEM_JQUERYEASY_FIELD_CLEANREMAININGSCRIPTS_DESC" /> 
			
		<param name="stripremainingcssbackend" type="textarea" cols="40" rows="2" default=""
			label="PLG_SYSTEM_JQUERYEASY_FIELD_CLEANREMAININGCSS_LABEL" 
			description="PLG_SYSTEM_JQUERYEASY_FIELD_CLEANREMAININGCSS_DESC" />
			
		<param name="removenoconflictbackend" type="radio" default="1" 
			label="PLG_SYSTEM_JQUERYEASY_FIELD_REMOVENOCONFLICT_LABEL" 
			description="PLG_SYSTEM_JQUERYEASY_FIELD_REMOVENOCONFLICT_DESC">
			<option value="0">PLG_SYSTEM_JQUERYEASY_VALUE_NO</option>
			<option value="1">PLG_SYSTEM_JQUERYEASY_VALUE_YES</option>
		</param>
		
		<param name="addnoconflictbackend" type="radio" default="2" 
			label="PLG_SYSTEM_JQUERYEASY_FIELD_ADDNOCONFLICT_LABEL" 
			description="PLG_SYSTEM_JQUERYEASY_FIELD_ADDNOCONFLICT_DESC">
			<option value="0">PLG_SYSTEM_JQUERYEASY_VALUE_NO</option>
			<option value="1">PLG_SYSTEM_JQUERYEASY_VALUE_SCRIPTDECLARATION</option>
			<option value="2">PLG_SYSTEM_JQUERYEASY_VALUE_SCRIPT</option>
		</param>
		
		<param name="replacedocumentreadybackend" type="radio" default="0" 
			label="PLG_SYSTEM_JQUERYEASY_FIELD_REPLACEDOCUMENTREADY_LABEL" 
			description="PLG_SYSTEM_JQUERYEASY_FIELD_REPLACEDOCUMENTREADY_DESC">
			<option value="0">PLG_SYSTEM_JQUERYEASY_VALUE_NO</option>
			<option value="1">PLG_SYSTEM_JQUERYEASY_VALUE_YES</option>
		</param>
		
		<param type="spacer" default="Other" />
	            
		<param name="removeblanklinesbackend" type="radio" default="0" 
			label="PLG_SYSTEM_JQUERYEASY_FIELD_REMOVEBLANKLINES_LABEL" 
			description="PLG_SYSTEM_JQUERYEASY_FIELD_REMOVEBLANKLINES_DESC">
			<option value="0">PLG_SYSTEM_JQUERYEASY_VALUE_NO</option>
			<option value="1">PLG_SYSTEM_JQUERYEASY_VALUE_YES</option>
		</param>
		
		<param name="addjavascriptbackend" type="textarea" cols="40" rows="2" default=""
			label="PLG_SYSTEM_JQUERYEASY_FIELD_ADDJAVASCRIPT_LABEL" 
			description="PLG_SYSTEM_JQUERYEASY_FIELD_ADDJAVASCRIPT_DESC" />
	
		<param name="addjavascriptdeclarationbackend" type="textarea" cols="40" rows="2" default=""
			label="PLG_SYSTEM_JQUERYEASY_FIELD_ADDJAVASCRIPTDECLARATION_LABEL" 
			description="PLG_SYSTEM_JQUERYEASY_FIELD_ADDJAVASCRIPTDECLARATION_DESC" />
	
		<param name="addcssbackend" type="textarea" cols="40" rows="2" default=""
			label="PLG_SYSTEM_JQUERYEASY_FIELD_ADDCSS_LABEL" 
			description="PLG_SYSTEM_JQUERYEASY_FIELD_ADDCSS_DESC" />	
	            
		<param name="addcssdeclarationbackend" type="textarea" cols="40" rows="2" default=""
			label="PLG_SYSTEM_JQUERYEASY_FIELD_ADDCSSDECLARATION_LABEL" 
			description="PLG_SYSTEM_JQUERYEASY_FIELD_ADDCSSDECLARATION_DESC" />
	</params>
	
</install>
